id,human_readable_id,title,type,description,text_unit_ids,frequency,degree,x,y
4be4e6bf-d0c5-414c-b488-9a7d40c6e7c6,0,系統架構總覽,概念,這份文件定義了模組之間的依賴關係與資料流，是理解整個系統運作的核心。,['d39173a54ea8333401c6fc92b0a3d24d6c60b5d03c0352c9c996f419c9935c19c152374823ea381dddec2726266a2113d77facffeff2c7b69001481158285e85'],1,0,,
89363e46-8ad7-4df8-a48d-2c5cdf818a6a,1,依賴關係,概念,依賴關係是指模組之間的相互依賴，影響系統的運作。,['d39173a54ea8333401c6fc92b0a3d24d6c60b5d03c0352c9c996f419c9935c19c152374823ea381dddec2726266a2113d77facffeff2c7b69001481158285e85'],1,0,,
2c7c480a-aa83-47b9-a1c1-83189fa28426,2,資料流,概念,資料流是指資料在系統中如何流動和轉換。,['d39173a54ea8333401c6fc92b0a3d24d6c60b5d03c0352c9c996f419c9935c19c152374823ea381dddec2726266a2113d77facffeff2c7b69001481158285e85'],1,0,,
38b19db8-446d-4891-96ac-f7745047b7a1,3,結構與樣式的依賴,概念,結構與樣式的依賴描述了 HTML 和 CSS 之間的相互作用。,['d39173a54ea8333401c6fc92b0a3d24d6c60b5d03c0352c9c996f419c9935c19c152374823ea381dddec2726266a2113d77facffeff2c7b69001481158285e85'],1,0,,
ff820044-7dff-4099-a3d8-29dc1a2d70ca,4,HTML,技術,HTML 提供語意化結構與 JS 掛載點。,['d39173a54ea8333401c6fc92b0a3d24d6c60b5d03c0352c9c996f419c9935c19c152374823ea381dddec2726266a2113d77facffeff2c7b69001481158285e85'],1,3,5.474534511566162,23.172317504882812
913df194-14d2-4eb7-b2ed-b4c827ece7a2,5,CSS,技術,CSS 提供視覺回饋與響應式佈局。,['d39173a54ea8333401c6fc92b0a3d24d6c60b5d03c0352c9c996f419c9935c19c152374823ea381dddec2726266a2113d77facffeff2c7b69001481158285e85'],1,5,4.868250370025635,22.987789154052734
2438a5bf-151e-486f-9958-d776fa63acff,6,JS,技術,JS 控制資料邏輯與 DOM 操作。,['d39173a54ea8333401c6fc92b0a3d24d6c60b5d03c0352c9c996f419c9935c19c152374823ea381dddec2726266a2113d77facffeff2c7b69001481158285e85'],1,2,5.510476112365723,23.796911239624023
27e93df2-6e32-4a2b-8712-30d230c2550f,7,FLEXBOX,技術,Flexbox 是 CSS 模組中的一種佈局模式，用於實現網格排列。,['d39173a54ea8333401c6fc92b0a3d24d6c60b5d03c0352c9c996f419c9935c19c152374823ea381dddec2726266a2113d77facffeff2c7b69001481158285e85'],1,1,5.06928014755249,24.16874122619629
3748a24b-cbe5-4403-8346-f3ea562bf224,8,TODO-LIST,CSS_SELECTOR,`TODO-LIST` 是一個 CSS 選擇器，專門用於選擇待辦事項列表的容器。這個選擇器不僅能夠選擇待辦事項列表的元素，還可以用來設置該列表的樣式。透過使用 `.todo-list`，開發者可以方便地對待辦事項列表進行樣式調整，從而提升用戶界面的可讀性和美觀性。這使得 `TODO-LIST` 成為前端開發中一個重要的工具，特別是在需要管理和顯示任務的應用程式中。,"['d39173a54ea8333401c6fc92b0a3d24d6c60b5d03c0352c9c996f419c9935c19c152374823ea381dddec2726266a2113d77facffeff2c7b69001481158285e85'
 '43f03a51c7f9a85ee9802c15a12a9fcdf1c1b9df6602468789ae95e2702de7007d2005e427a79dc096ec026a400c0929edb0e22819e51c562c81a476cb158f0a']",2,4,5.969778060913086,13.02303409576416
0fb96d53-2c7b-4bc9-89dd-b82f6a50e028,9,DISPLAY: FLEX,CSS_PROPERTY,`display: flex` 是一個 CSS 屬性，用於啟用 Flexbox 佈局。,['d39173a54ea8333401c6fc92b0a3d24d6c60b5d03c0352c9c996f419c9935c19c152374823ea381dddec2726266a2113d77facffeff2c7b69001481158285e85'],1,0,,
593651be-86c8-422a-8900-7e36bb452e3f,10,FLEX: 1,CSS_PROPERTY,`flex: 1` 是一個 CSS 屬性，用於設定元素在 Flexbox 佈局中的擴展比例。,['d39173a54ea8333401c6fc92b0a3d24d6c60b5d03c0352c9c996f419c9935c19c152374823ea381dddec2726266a2113d77facffeff2c7b69001481158285e85'],1,0,,
37bde34f-4c66-4593-ad2e-4627f442feeb,11,RENDERTODOS(),JAVASCRIPT_FUNCTION,`renderTodos()` 是一個 JavaScript 函式，主要負責渲染待辦事項並將其插入到 HTML 中。這個函式是核心功能，根據 `todoList` 的資料重新繪製待辦事項的顯示。透過 `renderTodos()`，使用者可以在網頁上看到最新的待辦事項列表，確保所有的待辦事項都能夠正確顯示並更新。,"['d39173a54ea8333401c6fc92b0a3d24d6c60b5d03c0352c9c996f419c9935c19c152374823ea381dddec2726266a2113d77facffeff2c7b69001481158285e85'
 '1368fc03d610d71f0a4ebe01b5cf8241f4e22c35a09baa58132436224f4cc44ccfc8538d6058eb4cdd3500e2063f8e87b0c54db161cfad7569fe611ec3c72fe9']",2,3,4.637321949005127,12.16476058959961
dd260e12-7423-4f10-9c80-b7e49f6e6ec0,12,"ID=""TODOLIST""",HTML_TAG,"`id=""todoList""` 是一個 HTML 屬性，用於標識待辦事項列表的元素。",['d39173a54ea8333401c6fc92b0a3d24d6c60b5d03c0352c9c996f419c9935c19c152374823ea381dddec2726266a2113d77facffeff2c7b69001481158285e85'],1,0,,
83f9f48c-c485-4e92-ba40-5714e2cb9b0b,13,INNERHTML,JAVASCRIPT_FUNCTION,`innerHTML` 是一個 DOM API，用於設置或獲取 HTML 元素的內容。,['d39173a54ea8333401c6fc92b0a3d24d6c60b5d03c0352c9c996f419c9935c19c152374823ea381dddec2726266a2113d77facffeff2c7b69001481158285e85'],1,1,5.480205535888672,11.764518737792969
487157ee-5471-4282-980b-0ab4fdf07e2d,14,CLASS,CSS_PROPERTY,`class` 是一個 HTML 屬性，用於指定元素的 CSS 類別。,['d39173a54ea8333401c6fc92b0a3d24d6c60b5d03c0352c9c996f419c9935c19c152374823ea381dddec2726266a2113d77facffeff2c7b69001481158285e85'],1,0,,
17b66b3c-dc3f-4b78-b442-d9ef35cc8500,15,VIEW-MODE,CSS_SELECTOR,`VIEW-MODE` 是一個 CSS 類別，主要用於定義顯示模式的樣式，通常應用於顯示內容的視圖模式。這個 CSS 類別可以被視為一個選擇器，專門用來表示卡片的檢視模式，從而影響其外觀和佈局。透過使用 `.view-mode`，開發者能夠有效地控制和調整網頁元素的顯示方式，以提升用戶的視覺體驗和互動性。,"['d39173a54ea8333401c6fc92b0a3d24d6c60b5d03c0352c9c996f419c9935c19c152374823ea381dddec2726266a2113d77facffeff2c7b69001481158285e85'
 '099e48ab87d75239d388a1fb13a0dad87648f0371119f0a8cd5b482cd71f98698c7c4c4dabdd3543e5ca3d34fadd44bcac92212ff374398a40fac1eaf512127f'
 'a6767e76d4e5bc6ba7c835c723b3b5e7a5045170bfa2d1237f52eb0136f182088317c7b928288da1af9518dc10f8d005418399360ef1012911e9d07e28631e38']",3,2,6.932974338531494,13.522235870361328
11e11bde-b0b2-4ac4-9314-0759b0ea7a34,16,EDIT-MODE,CSS_SELECTOR,`EDIT-MODE` 是一個 CSS 類別，主要用於顯示編輯模式的樣式。這個類別被稱為 `.edit-mode`，它作為一個 CSS 選擇器，專門用來表示卡片的編輯模式。`edit-mode` 的設計目的是為了定義編輯內容時所需的樣式，通常在用戶需要修改或編輯內容時使用。這些樣式可以幫助用戶清楚地識別當前的編輯狀態，並提供一個直觀的界面來進行內容的編輯。,"['d39173a54ea8333401c6fc92b0a3d24d6c60b5d03c0352c9c996f419c9935c19c152374823ea381dddec2726266a2113d77facffeff2c7b69001481158285e85'
 '099e48ab87d75239d388a1fb13a0dad87648f0371119f0a8cd5b482cd71f98698c7c4c4dabdd3543e5ca3d34fadd44bcac92212ff374398a40fac1eaf512127f'
 'a6767e76d4e5bc6ba7c835c723b3b5e7a5045170bfa2d1237f52eb0136f182088317c7b928288da1af9518dc10f8d005418399360ef1012911e9d07e28631e38']",3,2,6.0649542808532715,14.556111335754395
8a794646-f45e-488d-a87a-b5e527785f03,17,HTML模組,MODULE,HTML模組在本專案中扮演著多重角色，定義了應用程式的基礎層次，並為CSS和JS提供了操作的基礎。,['4111f3a3f3948d16762a2ae57eb53a21de0d19d9465687f4f5c82b20ba894589c9fb520843b82c5ee9300d4cd57517c53980be4f7d8273ab0b39e77f0e1ce1a2'],1,6,,
0c13f9bf-7070-4a9d-b66f-6a010b7ba647,18,靜態骨架,CONCEPT,靜態骨架比喻HTML的結構，像建築物的鋼筋結構，定義了應用程式的基礎層次。,['4111f3a3f3948d16762a2ae57eb53a21de0d19d9465687f4f5c82b20ba894589c9fb520843b82c5ee9300d4cd57517c53980be4f7d8273ab0b39e77f0e1ce1a2'],1,1,,
8aeac0ad-6c62-4704-b4a8-39127127b3b4,19,CSS的附著點,CONCEPT,CSS的附著點是HTML元素透過class和id屬性為CSS提供的「掛鉤」，使CSS能夠控制樣式。,['4111f3a3f3948d16762a2ae57eb53a21de0d19d9465687f4f5c82b20ba894589c9fb520843b82c5ee9300d4cd57517c53980be4f7d8273ab0b39e77f0e1ce1a2'],1,1,,
28a69436-b4b5-45c5-a961-466ca91bbc77,20,JS的操作舞台,CONCEPT,JS的操作舞台是HTML中預留的特定容器，允許JavaScript動態生成內容。,['4111f3a3f3948d16762a2ae57eb53a21de0d19d9465687f4f5c82b20ba894589c9fb520843b82c5ee9300d4cd57517c53980be4f7d8273ab0b39e77f0e1ce1a2'],1,2,,
754a5f88-8e2f-4781-8265-b801523c3742,21,命名策略,CONCEPT,命名策略涉及如何使用ID和Class來管理HTML元素的唯一性和重複性。,['4111f3a3f3948d16762a2ae57eb53a21de0d19d9465687f4f5c82b20ba894589c9fb520843b82c5ee9300d4cd57517c53980be4f7d8273ab0b39e77f0e1ce1a2'],1,1,,
8f70fed1-c173-4aca-bed5-e6ec96ea59c6,22,語意化與原生行為,CONCEPT,語意化與原生行為指的是使用HTML標籤如<form>來賦予應用程式原生的鍵盤支援和資料驗證功能。,['4111f3a3f3948d16762a2ae57eb53a21de0d19d9465687f4f5c82b20ba894589c9fb520843b82c5ee9300d4cd57517c53980be4f7d8273ab0b39e77f0e1ce1a2'],1,1,,
18fd224a-f772-40e8-af96-d2b9e32fa9ca,23,模式切換設計,CONCEPT,模式切換設計允許使用者在檢視模式和編輯模式之間無縫切換，提升使用者體驗。,['4111f3a3f3948d16762a2ae57eb53a21de0d19d9465687f4f5c82b20ba894589c9fb520843b82c5ee9300d4cd57517c53980be4f7d8273ab0b39e77f0e1ce1a2'],1,1,,
a9cd3e5a-d43a-4ec1-91ed-d1607b18e80e,24,主應用容器,UI_COMPONENT,主應用容器是最外層的包裹器，負責整體居中和寬度控制。,['4111f3a3f3948d16762a2ae57eb53a21de0d19d9465687f4f5c82b20ba894589c9fb520843b82c5ee9300d4cd57517c53980be4f7d8273ab0b39e77f0e1ce1a2'],1,2,4.588273048400879,11.284215927124023
adeae159-03a4-432e-a646-fdc59645dd9a,25,表單區域,UI_COMPONENT,表單區域包含標題、輸入欄位和按鈕，作為使用者與系統互動的入口。,['4111f3a3f3948d16762a2ae57eb53a21de0d19d9465687f4f5c82b20ba894589c9fb520843b82c5ee9300d4cd57517c53980be4f7d8273ab0b39e77f0e1ce1a2'],1,1,,
513cc85c-3d43-4496-9379-a2f6fefa98be,26,待辦事項列表容器,UI_COMPONENT,待辦事項列表容器是關鍵的「掛載點」，在程式運作後，JS會將生成的卡片動態注入此處。,['4111f3a3f3948d16762a2ae57eb53a21de0d19d9465687f4f5c82b20ba894589c9fb520843b82c5ee9300d4cd57517c53980be4f7d8273ab0b39e77f0e1ce1a2'],1,1,,
d8ce248d-aebe-4e88-812e-b0e586f9d512,27,SUBMIT事件,DOM_EVENT,submit事件是用於觸發資料新增的互動機制，當使用者提交表單時觸發。,['4111f3a3f3948d16762a2ae57eb53a21de0d19d9465687f4f5c82b20ba894589c9fb520843b82c5ee9300d4cd57517c53980be4f7d8273ab0b39e77f0e1ce1a2'],1,1,,
fc814c28-b46e-4b10-bff1-a4d8b8ee3ef9,28,GETELEMENTBYID,JAVASCRIPT_FUNCTION,getElementById是JavaScript函數，用於快速且精準地找到具有特定ID的HTML元素。,['4111f3a3f3948d16762a2ae57eb53a21de0d19d9465687f4f5c82b20ba894589c9fb520843b82c5ee9300d4cd57517c53980be4f7d8273ab0b39e77f0e1ce1a2'],1,0,,
db9a126e-464b-4ad7-8ad1-c5869e2f7e04,29,TODOLIST,VARIABLE,TODOLIST 是一個全域陣列，專門用來儲存待辦事項的標題和內容。這個全域陣列 `todoList` 包含了所有待辦事項的資料，確保使用者可以方便地管理和查看他們的任務。每個待辦事項都有一個唯一的ID，這個ID代表了待辦事項列表的容器，確保在整個頁面上是獨一無二的。這樣的設計使得待辦事項的管理更加高效，並且避免了資料的重複或混淆。總體而言，TODOLIST 提供了一個清晰且有組織的方式來追蹤和管理待辦事項。,"['4111f3a3f3948d16762a2ae57eb53a21de0d19d9465687f4f5c82b20ba894589c9fb520843b82c5ee9300d4cd57517c53980be4f7d8273ab0b39e77f0e1ce1a2'
 '1368fc03d610d71f0a4ebe01b5cf8241f4e22c35a09baa58132436224f4cc44ccfc8538d6058eb4cdd3500e2063f8e87b0c54db161cfad7569fe611ec3c72fe9'
 '163da55de5b7990e1b4c750d0714072dda9561088dd6766b5828a29b6248c428976c734c0732d1edafca48f6f343e313070209dd0e788e7e10148802707ef4b6']",3,7,3.924795627593994,12.488080978393555
6cee2194-7135-4d7e-ae32-cf53cfea3e77,30,TODO-CARD,CSS_SELECTOR,"""TODO-CARD"" 是一個 CSS 選擇器，專門用於設置待辦事項卡片的樣式。這個選擇器可以調整卡片的背景顏色、內邊距和圓角等屬性，以達到美觀和功能性的效果。它的主要目的是樣式化動態生成的待辦事項卡片，確保這些卡片在視覺上吸引人且易於使用。透過使用 ""TODO-CARD"" 選擇器，開發者能夠為待辦事項卡片提供一致的外觀和感覺，提升用戶體驗。","['4111f3a3f3948d16762a2ae57eb53a21de0d19d9465687f4f5c82b20ba894589c9fb520843b82c5ee9300d4cd57517c53980be4f7d8273ab0b39e77f0e1ce1a2'
 '099e48ab87d75239d388a1fb13a0dad87648f0371119f0a8cd5b482cd71f98698c7c4c4dabdd3543e5ca3d34fadd44bcac92212ff374398a40fac1eaf512127f'
 '43f03a51c7f9a85ee9802c15a12a9fcdf1c1b9df6602468789ae95e2702de7007d2005e427a79dc096ec026a400c0929edb0e22819e51c562c81a476cb158f0a']",3,9,4.985226631164551,13.125243186950684
8cf2f35b-dade-40a2-872a-accd21e23b23,31,APP,CSS_SELECTOR,app是用於控制最大寬度的CSS類別，作為應用程式的主要容器。,['4111f3a3f3948d16762a2ae57eb53a21de0d19d9465687f4f5c82b20ba894589c9fb520843b82c5ee9300d4cd57517c53980be4f7d8273ab0b39e77f0e1ce1a2'],1,2,16.049678802490234,7.9646711349487305
fe9b4d60-5d11-485a-a37c-bc6b24f2e621,32,TODO-FORM,CSS_SELECTOR,"""TODO-FORM"" 是一個 CSS 選擇器，專門用於設置待辦事項表單的樣式。這個選擇器的主要功能是包裹表單區域，並包含標題和輸入欄位。透過使用 ""TODO-FORM"" 類別，開發者可以輕鬆地為待辦事項表單提供一致的外觀和感覺，從而提升用戶體驗。這個 CSS 類別不僅有助於組織表單的結構，還能確保表單的各個元素在視覺上協調一致。","['4111f3a3f3948d16762a2ae57eb53a21de0d19d9465687f4f5c82b20ba894589c9fb520843b82c5ee9300d4cd57517c53980be4f7d8273ab0b39e77f0e1ce1a2'
 '43f03a51c7f9a85ee9802c15a12a9fcdf1c1b9df6602468789ae95e2702de7007d2005e427a79dc096ec026a400c0929edb0e22819e51c562c81a476cb158f0a']",2,6,7.559326648712158,13.810993194580078
73ee6708-0954-49b8-9580-1104910fa134,33,SUBMIT,DOM_EVENT,"""SUBMIT"" 是一個 DOM 事件，當表單被提交時會觸發。這個事件在網頁開發中扮演著重要的角色，因為它用於處理用戶輸入的資料。當用戶填寫完表單並按下提交按鈕時，""submit"" 事件會被觸發，這使得開發者能夠進行資料的新增或處理。

透過 ""submit"" 事件，開發者可以有效地捕捉用戶的輸入，並將這些資料發送到伺服器或進行其他的操作。這個事件不僅限於傳送資料，還可以用來進行表單驗證，確保用戶輸入的資料符合預期的格式和要求。當事件被觸發後，開發者可以使用 JavaScript 來執行相應的函數，進一步處理資料或顯示反饋給用戶。

總之，""SUBMIT"" 事件是網頁表單交互中不可或缺的一部分，透過這個事件，開發者能夠有效地管理用戶資料的提交和處理過程。","['c803e19690701925964c557173b383a13641796902a850be18adfa59926358f9c9d882b9c1f11056d3f5ae39a06a3063ba3aee9f5eb44d21fe5e53f64ffe32fa'
 '2db1deb8c006563858d52216b0234f6fc1a5f276e7a4050cd1c206a765975c9a9ed62d82b2bb5b34d535e9d6b8b1f95aa54e584ff8aa328ee1305e32fa7ec1db']",2,2,16.625160217285156,8.692537307739258
ee546d28-ce75-4653-ad5e-7ff551fda1b6,34,FORM-BUTTONS,UI_COMPONENT,提供編輯、儲存、取消和刪除功能，使用 data-index 屬性關聯對應的資料。,['c803e19690701925964c557173b383a13641796902a850be18adfa59926358f9c9d882b9c1f11056d3f5ae39a06a3063ba3aee9f5eb44d21fe5e53f64ffe32fa'],1,1,10.268434524536133,15.335762977600098
1225b1c6-ec70-48e0-aeef-2c10f569f610,35,TODOFORM,HTML_TAG,表單的 HTML 標籤，包含輸入欄位和按鈕。,['c803e19690701925964c557173b383a13641796902a850be18adfa59926358f9c9d882b9c1f11056d3f5ae39a06a3063ba3aee9f5eb44d21fe5e53f64ffe32fa'],1,3,2.804095506668091,11.127093315124512
38dc3563-33e5-4ca2-b105-003d8f5c7df0,36,TODO-LIST-ID,CSS_SELECTOR,用於選取待辦事項列表的 CSS 選擇器。,['c803e19690701925964c557173b383a13641796902a850be18adfa59926358f9c9d882b9c1f11056d3f5ae39a06a3063ba3aee9f5eb44d21fe5e53f64ffe32fa'],1,0,,
cec8a176-516b-4ee5-9472-926ed5b5e86d,37,CSS 模組,MODULE,CSS 模組負責美化和實現 HTML 結構的佈局邏輯，並與 JavaScript 進行狀態切換。,['099e48ab87d75239d388a1fb13a0dad87648f0371119f0a8cd5b482cd71f98698c7c4c4dabdd3543e5ca3d34fadd44bcac92212ff374398a40fac1eaf512127f'],1,4,2.432579517364502,22.562257766723633
c0a29142-3159-4331-8ed4-a07bfb0a3fa6,38,HTML 結構,CONCEPT,HTML 結構是網頁的基本架構，為網頁的內容提供了基本框架。它包含各種元素和標籤，這些元素和標籤共同構成了網頁的內容。CSS 模組則用於該結構的佈局邏輯，幫助設計和調整網頁的外觀與排版。透過這些元素的組合，HTML 結構能夠有效地呈現資訊，並為使用者提供良好的瀏覽體驗。,"['099e48ab87d75239d388a1fb13a0dad87648f0371119f0a8cd5b482cd71f98698c7c4c4dabdd3543e5ca3d34fadd44bcac92212ff374398a40fac1eaf512127f'
 '1368fc03d610d71f0a4ebe01b5cf8241f4e22c35a09baa58132436224f4cc44ccfc8538d6058eb4cdd3500e2063f8e87b0c54db161cfad7569fe611ec3c72fe9']",2,2,2.0964772701263428,22.2844295501709
5bbfc782-535e-4135-9452-4b5551525bcf,39,JAVASCRIPT,TECHNOLOGY,JavaScript 是一種用於網頁開發的程式語言，負責控制網頁的行為和狀態切換。,['099e48ab87d75239d388a1fb13a0dad87648f0371119f0a8cd5b482cd71f98698c7c4c4dabdd3543e5ca3d34fadd44bcac92212ff374398a40fac1eaf512127f'],1,3,3.766350507736206,23.165319442749023
cb12f6e0-aeae-45df-a62f-700369c24052,40,防禦性設計,CONCEPT,防禦性設計是一種設計理念，旨在建立彈性且穩定的佈局系統，以應對使用者輸入的變化。,['099e48ab87d75239d388a1fb13a0dad87648f0371119f0a8cd5b482cd71f98698c7c4c4dabdd3543e5ca3d34fadd44bcac92212ff374398a40fac1eaf512127f'],1,1,3.5657570362091064,23.941574096679688
598d2455-ecc4-4af5-9c47-6e5a2009ad9d,41,視覺狀態機,CONCEPT,視覺狀態機是 CSS 與 JavaScript 協作實現的狀態管理系統，負責切換不同的顯示模式。,['099e48ab87d75239d388a1fb13a0dad87648f0371119f0a8cd5b482cd71f98698c7c4c4dabdd3543e5ca3d34fadd44bcac92212ff374398a40fac1eaf512127f'],1,1,4.563394546508789,23.6660213470459
e1b2b3ac-3c0c-4d1a-9f8a-3a6ebb3ed240,42,網格系統,CONCEPT,網格系統是一種響應式設計方法，確保在不同螢幕尺寸下的良好顯示效果。,['099e48ab87d75239d388a1fb13a0dad87648f0371119f0a8cd5b482cd71f98698c7c4c4dabdd3543e5ca3d34fadd44bcac92212ff374398a40fac1eaf512127f'],1,1,4.010022163391113,24.129051208496094
7bc2b977-a5b6-4b9a-9dc2-35d916038301,43,FLEX,CSS_PROPERTY,FLEX 是一種 CSS 屬性，用於設計靈活的佈局。它在 CSS 中的主要功能是設置彈性佈局的行為，使得元素能夠根據可用空間自動調整大小和排列。這種屬性使得網頁設計更加靈活，能夠適應不同的顯示設備和屏幕尺寸，從而提升用戶體驗。FLEX 的使用可以簡化佈局的設計過程，讓開發者能夠更輕鬆地創建響應式和動態的網頁佈局。,"['099e48ab87d75239d388a1fb13a0dad87648f0371119f0a8cd5b482cd71f98698c7c4c4dabdd3543e5ca3d34fadd44bcac92212ff374398a40fac1eaf512127f'
 '6080da6318db19acb1b01c7aa07287d2021f2deaee82707c9a061f6ebb463bc18786725b2733fee119626f91580bc12bfc1308beb8fcb3b87f9c9f260a2ea5d6']",2,3,18.588415145874023,6.4037675857543945
0ef18a52-b8f2-4a85-afd5-f1d7c3fda6a8,44,DISPLAY,CSS_PROPERTY,DISPLAY 是 CSS 中的一個屬性，用於設置元素的顯示方式。這個屬性可以控制元素在頁面上的佈局和呈現方式，常見的值包括 block、inline 和 flex。使用 display 屬性，開發者可以靈活地調整元素的顯示行為，以滿足不同的設計需求和響應式佈局的要求。,"['099e48ab87d75239d388a1fb13a0dad87648f0371119f0a8cd5b482cd71f98698c7c4c4dabdd3543e5ca3d34fadd44bcac92212ff374398a40fac1eaf512127f'
 '43f03a51c7f9a85ee9802c15a12a9fcdf1c1b9df6602468789ae95e2702de7007d2005e427a79dc096ec026a400c0929edb0e22819e51c562c81a476cb158f0a']",2,1,18.583303451538086,7.030656814575195
9b7b0d11-79d6-413e-b5dc-1c43a57ccaa0,45,FLEX-DIRECTION,CSS_PROPERTY,flex-direction 是 CSS 中的一個屬性，用於設置彈性容器內的主軸方向。,['099e48ab87d75239d388a1fb13a0dad87648f0371119f0a8cd5b482cd71f98698c7c4c4dabdd3543e5ca3d34fadd44bcac92212ff374398a40fac1eaf512127f'],1,1,18.199609756469727,7.065822601318359
06ddeb58-178e-48e6-bd9f-d0b0d3834029,46,FLEX-WRAP,CSS_PROPERTY,FLEX-WRAP 是 CSS 中的一個屬性，主要用於設置彈性容器內的項目是否換行。這個屬性允許開發者控制在彈性布局中，當容器的寬度不足以容納所有項目時，這些項目是否應該自動換行。透過使用 flex-wrap，開發者可以更靈活地設計響應式網頁，確保內容在不同的顯示設備上都能保持良好的可讀性和美觀性。,"['099e48ab87d75239d388a1fb13a0dad87648f0371119f0a8cd5b482cd71f98698c7c4c4dabdd3543e5ca3d34fadd44bcac92212ff374398a40fac1eaf512127f'
 '43f03a51c7f9a85ee9802c15a12a9fcdf1c1b9df6602468789ae95e2702de7007d2005e427a79dc096ec026a400c0929edb0e22819e51c562c81a476cb158f0a']",2,0,,
fe7f4dfd-e8be-4b35-8c5c-e0abe7c830f8,47,CALC,JAVASCRIPT_FUNCTION,calc 是一個 CSS 函數，用於計算長度值。,['099e48ab87d75239d388a1fb13a0dad87648f0371119f0a8cd5b482cd71f98698c7c4c4dabdd3543e5ca3d34fadd44bcac92212ff374398a40fac1eaf512127f'],1,0,,
d87115fb-4903-4877-94c0-1385d52d781b,48,CARD-BUTTONS,CSS_SELECTOR,CARD-BUTTONS 是一個 CSS 選擇器，專門用於設置卡片按鈕區域的樣式。這個選擇器不僅可以選擇卡片底部的按鈕區域，還能調整該區域的水平間距和外邊距。透過使用 card-buttons，開發者可以有效地控制卡片中按鈕的外觀和佈局，從而提升用戶界面的整體美觀性和可用性。,"['099e48ab87d75239d388a1fb13a0dad87648f0371119f0a8cd5b482cd71f98698c7c4c4dabdd3543e5ca3d34fadd44bcac92212ff374398a40fac1eaf512127f'
 '43f03a51c7f9a85ee9802c15a12a9fcdf1c1b9df6602468789ae95e2702de7007d2005e427a79dc096ec026a400c0929edb0e22819e51c562c81a476cb158f0a']",2,2,5.7705397605896,13.803217887878418
ea839d9f-be4a-46b4-9cc1-8c83e8e75391,49,EDIT,CSS_SELECTOR,"EDIT 是一個與編輯功能相關的概念，主要涉及 CSS 選擇器和變數的使用。首先，""edit"" 是一個 CSS 選擇器，專門用於選擇編輯按鈕的樣式，這使得開發者能夠自定義編輯按鈕的外觀和感覺。其次，""edit"" 也被定義為一個變數，通過 `card.querySelector("".edit-mode"")` 方法來獲取對應的 DOM 元素，這意味著在編輯模式下，該變數可以用來操作或修改特定的 DOM 元素。

此外，"".edit"" 這個 CSS 選擇器同樣用於選擇編輯按鈕，進一步強調了其在樣式設計中的重要性。這些描述共同表明，EDIT 涉及到前端開發中的樣式選擇和 DOM 操作，特別是在處理編輯功能時，提供了靈活性和可定制性。","['099e48ab87d75239d388a1fb13a0dad87648f0371119f0a8cd5b482cd71f98698c7c4c4dabdd3543e5ca3d34fadd44bcac92212ff374398a40fac1eaf512127f'
 '2db1deb8c006563858d52216b0234f6fc1a5f276e7a4050cd1c206a765975c9a9ed62d82b2bb5b34d535e9d6b8b1f95aa54e584ff8aa328ee1305e32fa7ec1db']",2,4,15.837403297424316,6.675583362579346
9a07f251-2b10-4a89-97ee-ae00a060ee94,50,SAVE,CSS_SELECTOR,"SAVE 是一個 CSS 選擇器和類別，專門用於選擇和設計儲存按鈕的樣式。具體來說，"".save"" 是一個 CSS 選擇器，能夠選擇儲存按鈕，並應用相應的樣式。這個選擇器的主要功能是確保儲存按鈕在網頁上的外觀符合設計需求。

此外，""save"" 這個 CSS 類別也用於設計儲存按鈕的樣式，並且其預設狀態為隱藏。這意味著在某些情況下，儲存按鈕可能不會立即顯示，直到滿足特定條件或觸發某些事件後，才會顯示出來。這樣的設計可以提高用戶界面的靈活性和可用性，確保用戶在需要時能夠輕鬆找到並使用儲存功能。

總結來說，SAVE 涉及的 CSS 選擇器和類別共同作用，為儲存按鈕提供了必要的樣式和功能，並且在設計上考慮到了用戶體驗。","['099e48ab87d75239d388a1fb13a0dad87648f0371119f0a8cd5b482cd71f98698c7c4c4dabdd3543e5ca3d34fadd44bcac92212ff374398a40fac1eaf512127f'
 'f2707ebde367944271b5fe410e033346fa7aa07bf22370c525eab33d42918733bfabd2e502eb74d2d41768dce676b5ed489cdc17707c881ff5c32114a838f796'
 '2db1deb8c006563858d52216b0234f6fc1a5f276e7a4050cd1c206a765975c9a9ed62d82b2bb5b34d535e9d6b8b1f95aa54e584ff8aa328ee1305e32fa7ec1db']",3,3,14.80324935913086,6.5630669593811035
3cff388c-9196-4992-9c4f-9b1f257429f8,51,CANCEL,CSS_SELECTOR,"""CANCEL"" 是一個與取消按鈕相關的 CSS 選擇器和類別。根據提供的描述，"".cancel"" 是一個 CSS 選擇器，專門用於選擇取消按鈕的樣式。這個選擇器可以幫助開發者在網頁設計中針對取消按鈕進行樣式設定。

此外，""cancel"" 也被描述為一個 CSS 類別，主要用於設計取消按鈕的樣式。這個類別的預設狀態為隱藏，意味著在未被特別指定或使用的情況下，取消按鈕不會顯示在頁面上。這樣的設計可以讓開發者在需要時靈活地控制取消按鈕的顯示與隱藏。

總結來說，""CANCEL"" 涉及到一個 CSS 選擇器和一個 CSS 類別，兩者都與取消按鈕的樣式設計有關，並且提供了靈活的控制選項以適應不同的網頁設計需求。","['099e48ab87d75239d388a1fb13a0dad87648f0371119f0a8cd5b482cd71f98698c7c4c4dabdd3543e5ca3d34fadd44bcac92212ff374398a40fac1eaf512127f'
 'f2707ebde367944271b5fe410e033346fa7aa07bf22370c525eab33d42918733bfabd2e502eb74d2d41768dce676b5ed489cdc17707c881ff5c32114a838f796'
 '2db1deb8c006563858d52216b0234f6fc1a5f276e7a4050cd1c206a765975c9a9ed62d82b2bb5b34d535e9d6b8b1f95aa54e584ff8aa328ee1305e32fa7ec1db']",3,3,13.157519340515137,6.696542739868164
eab6bc42-aa8d-4156-9ae9-235dadeaf0a7,52,EDIT MODE,CONCEPT,"編輯模式是一種用戶界面狀態，旨在允許用戶編輯待辦事項的內容。當進入編輯模式時，系統會顯示編輯輸入框和操作按鈕，使用戶能夠方便地修改待辦事項的詳細信息。在此模式下，檢視模式通常會被隱藏，以便用戶專注於編輯任務。

編輯模式的主要功能包括顯示儲存和取消按鈕，這使得用戶在完成編輯後可以選擇保存更改或放棄編輯。這種設計旨在提升用戶體驗，確保用戶能夠輕鬆地管理和更新他們的待辦事項。總之，編輯模式是一個重要的功能，為用戶提供了靈活性和控制權，讓他們能夠有效地處理和調整任務內容。","['d45d9c09a839c13b666c0cbca19cd91ab417654db3d7bc479620ef11eaf46c247db219286d76dec4f5fc8b1d271cc3792f7d328a25b41ac42a1e660219674084'
 '71c87aca16b762ffc4deee532606a3e3b7790db340892ec2eed4b5c78c34a6b2b65e6b5600664d3d7c6bbc518fa48bfeb6ab6b653826d10f97c7ff1ef1c903ed'
 'e1e6208d3632cc5fd3ef97e02ac9745cbbb1c71f2dfb02f96212ede72d356ba427fd7635d190d36b72723bc6004ff99d967abe2c19d1d7bd4ab9ea07c18c80f9']",3,6,10.71973991394043,5.6304402351379395
70efb1f3-4e22-4300-ac61-a1dc823d69eb,53,SAVE BUTTON,UI_COMPONENT,儲存按鈕是一個用於保存編輯後的待辦事項的用戶界面（UI）組件。當用戶在編輯模式下進行修改並點擊儲存按鈕時，該按鈕會確認並更新待辦事項的內容。儲存按鈕通常顯示在待辦事項卡片中，作為用戶完成編輯後的操作選項，確保用戶的修改能夠被有效保存。這個按鈕的主要功能是提供一個簡單而直觀的方式，讓用戶能夠輕鬆地保存他們的更改，從而提升使用體驗。,"['d45d9c09a839c13b666c0cbca19cd91ab417654db3d7bc479620ef11eaf46c247db219286d76dec4f5fc8b1d271cc3792f7d328a25b41ac42a1e660219674084'
 '3f1201cf8acd113a3f95f9bf1fcbcf52b2419e1fd24478ada6f84259ebab3a3cb73eb8cc9c82f34912dc92f1583450302cb793c06cdaaec6264eaa8aa2b51f90'
 '71c87aca16b762ffc4deee532606a3e3b7790db340892ec2eed4b5c78c34a6b2b65e6b5600664d3d7c6bbc518fa48bfeb6ab6b653826d10f97c7ff1ef1c903ed']",3,5,10.732298851013184,5.021251678466797
9526646b-f46a-4bfb-a4be-ba5b3d736295,54,CANCEL BUTTON,UI_COMPONENT,取消按鈕是一個用於放棄修改的按鈕，通常在編輯模式下顯示。它是一個用於放棄編輯並返回檢視模式的用戶介面（UI）組件。當用戶點擊取消按鈕時，系統會隱藏編輯模式，並且不會保存任何更改。這個按鈕常見於待辦事項卡片中，提供用戶一個簡便的方式來退出編輯模式，而不必擔心意外保存不想要的修改。總之，取消按鈕的主要功能是讓用戶能夠輕鬆放棄當前的編輯操作，回到先前的檢視狀態。,"['d45d9c09a839c13b666c0cbca19cd91ab417654db3d7bc479620ef11eaf46c247db219286d76dec4f5fc8b1d271cc3792f7d328a25b41ac42a1e660219674084'
 '3f1201cf8acd113a3f95f9bf1fcbcf52b2419e1fd24478ada6f84259ebab3a3cb73eb8cc9c82f34912dc92f1583450302cb793c06cdaaec6264eaa8aa2b51f90'
 '71c87aca16b762ffc4deee532606a3e3b7790db340892ec2eed4b5c78c34a6b2b65e6b5600664d3d7c6bbc518fa48bfeb6ab6b653826d10f97c7ff1ef1c903ed']",3,5,11.546381950378418,5.5094146728515625
024ccda2-5e73-46ee-87e3-6ec447b7f3b8,55,GRID SYSTEM,CONCEPT,網格系統是一種佈局技術，能夠在不同螢幕尺寸下實現響應式的三欄式卡片佈局。,['d45d9c09a839c13b666c0cbca19cd91ab417654db3d7bc479620ef11eaf46c247db219286d76dec4f5fc8b1d271cc3792f7d328a25b41ac42a1e660219674084'],1,0,,
f2df24b9-add8-4b9c-9dc9-51a1fadda334,56,TODO LIST,VARIABLE,TODO LIST 是一個數組，專門用來存儲待辦事項的列表。這個待辦事項列表作為一個容器，採用了彈性布局（flex布局），能夠自動換行排列卡片，從而使得使用者能夠更方便地查看和管理他們的待辦事項。這種設計不僅提升了視覺上的整潔性，還增強了使用者的操作體驗，讓待辦事項的管理變得更加高效和直觀。,"['d45d9c09a839c13b666c0cbca19cd91ab417654db3d7bc479620ef11eaf46c247db219286d76dec4f5fc8b1d271cc3792f7d328a25b41ac42a1e660219674084'
 '2db1deb8c006563858d52216b0234f6fc1a5f276e7a4050cd1c206a765975c9a9ed62d82b2bb5b34d535e9d6b8b1f95aa54e584ff8aa328ee1305e32fa7ec1db']",2,13,10.426895141601562,4.608644962310791
698eeab7-4c16-4153-8421-7297d37bbef5,57,TODO CARD,VARIABLE,待辦事項卡片是顯示在待辦事項列表中的每個項目，具有特定的寬度和樣式。,['d45d9c09a839c13b666c0cbca19cd91ab417654db3d7bc479620ef11eaf46c247db219286d76dec4f5fc8b1d271cc3792f7d328a25b41ac42a1e660219674084'],1,10,11.132254600524902,4.417604446411133
efe87ff6-d1f3-43c7-b103-754065032a66,58,SPACING MANAGEMENT,CONCEPT,空間管理是一種通過精確控制間距來創造視覺上舒適的佈局的技術。,['d45d9c09a839c13b666c0cbca19cd91ab417654db3d7bc479620ef11eaf46c247db219286d76dec4f5fc8b1d271cc3792f7d328a25b41ac42a1e660219674084'],1,1,17.621660232543945,6.259075164794922
33e56d36-b7c2-4062-a267-c896e4d20cbb,59,GAP PROPERTY,CSS_PROPERTY,gap屬性用於在flex容器中的項目之間創造空隙，取代傳統的margin設定。,['d45d9c09a839c13b666c0cbca19cd91ab417654db3d7bc479620ef11eaf46c247db219286d76dec4f5fc8b1d271cc3792f7d328a25b41ac42a1e660219674084'],1,2,17.010040283203125,6.098701000213623
188f3014-b352-43a1-bf26-2121701dbd23,60,BOX SHADOW,CSS_PROPERTY,box-shadow屬性用於為元素添加陰影效果，增強視覺層次感。,['d45d9c09a839c13b666c0cbca19cd91ab417654db3d7bc479620ef11eaf46c247db219286d76dec4f5fc8b1d271cc3792f7d328a25b41ac42a1e660219674084'],1,2,16.1035099029541,6.899173736572266
c285e1c5-be79-4204-b83a-10cbaa69a685,61,BUTTON COLOR SYSTEM,CONCEPT,按鈕色彩系統是一種為不同功能的按鈕設定語義化顏色的技術，以提高用戶體驗。,['d45d9c09a839c13b666c0cbca19cd91ab417654db3d7bc479620ef11eaf46c247db219286d76dec4f5fc8b1d271cc3792f7d328a25b41ac42a1e660219674084'],1,2,13.601888656616211,7.771060466766357
ea50cbd9-107c-40c4-8d00-040a98c567c8,62,BODY BACKGROUND,CSS_SELECTOR,body背景是整個頁面的背景顏色，通常用於增強前景元素的可讀性。,['d45d9c09a839c13b666c0cbca19cd91ab417654db3d7bc479620ef11eaf46c247db219286d76dec4f5fc8b1d271cc3792f7d328a25b41ac42a1e660219674084'],1,1,16.59015464782715,7.585214614868164
8c6db0a1-43ae-4ae0-82b8-90387035b8fc,63,背景對比,CONCEPT,背景對比是指淺灰色背景 (`#f2f4f8`) 與白色前景元素形成柔和對比，增強可讀性。,['01efe28d0e08e37c1924dd7533dfb367c1ac4af9cc65943cc1eabf88f5dcfbdc8cf5c4f4cc2281b1f4841d39fd9ba04c98d073f02d2324a3f2a55e344880a9fa'],1,0,,
123eda46-568b-41db-8c60-9047e4d65460,64,關聯元素,CONCEPT,關聯元素是指不同元素之間的視覺關聯，例如 `body` 背景、`.todo-form` 陰影和 `.todo-card` 陰影。,['01efe28d0e08e37c1924dd7533dfb367c1ac4af9cc65943cc1eabf88f5dcfbdc8cf5c4f4cc2281b1f4841d39fd9ba04c98d073f02d2324a3f2a55e344880a9fa'],1,0,,
f99a960e-142b-4cf0-8f6f-5c85d283fa66,65,視覺層級,CONCEPT,視覺層級是指陰影深度直接對應元素的視覺重要性。,['01efe28d0e08e37c1924dd7533dfb367c1ac4af9cc65943cc1eabf88f5dcfbdc8cf5c4f4cc2281b1f4841d39fd9ba04c98d073f02d2324a3f2a55e344880a9fa'],1,0,,
794fe616-d7db-48d5-8ca2-96a41e3e2af8,66,按鈕色彩系統,CONCEPT,按鈕色彩系統是為不同功能的按鈕設定語義化的顏色，以提高使用者體驗並強化操作意圖。,['01efe28d0e08e37c1924dd7533dfb367c1ac4af9cc65943cc1eabf88f5dcfbdc8cf5c4f4cc2281b1f4841d39fd9ba04c98d073f02d2324a3f2a55e344880a9fa'],1,4,,
5d08f531-f282-492c-add1-7908d939f6f4,67,編輯按鈕,UI_COMPONENT,編輯按鈕的背景顏色為淡藍色 `#eef3ff`，暗示信息修改。,['01efe28d0e08e37c1924dd7533dfb367c1ac4af9cc65943cc1eabf88f5dcfbdc8cf5c4f4cc2281b1f4841d39fd9ba04c98d073f02d2324a3f2a55e344880a9fa'],1,1,,
16d6d68a-2660-4bea-8cc8-d3566aa38587,68,儲存按鈕,UI_COMPONENT,儲存按鈕的背景顏色為淡綠色 `#e6fff0`，暗示確認操作。,['01efe28d0e08e37c1924dd7533dfb367c1ac4af9cc65943cc1eabf88f5dcfbdc8cf5c4f4cc2281b1f4841d39fd9ba04c98d073f02d2324a3f2a55e344880a9fa'],1,1,,
3f3d888b-b852-446d-83e1-d0a07067a0c9,69,取消按鈕,UI_COMPONENT,取消按鈕的背景顏色為淡灰色 `#f0f0f0`，暗示中性操作。,['01efe28d0e08e37c1924dd7533dfb367c1ac4af9cc65943cc1eabf88f5dcfbdc8cf5c4f4cc2281b1f4841d39fd9ba04c98d073f02d2324a3f2a55e344880a9fa'],1,1,,
466b5396-dad1-476f-a857-7645c0591425,70,刪除按鈕,UI_COMPONENT,刪除按鈕的背景顏色為淡紅色 `#ffecec`，暗示警告或危險操作。,['01efe28d0e08e37c1924dd7533dfb367c1ac4af9cc65943cc1eabf88f5dcfbdc8cf5c4f4cc2281b1f4841d39fd9ba04c98d073f02d2324a3f2a55e344880a9fa'],1,1,,
6741b81c-fa9e-4bfe-8c66-b83e4e070e8e,71,色彩語義,CONCEPT,色彩語義是指顏色選擇遵循通用的 UI 設計慣例，幫助用戶快速識別按鈕功能。,['01efe28d0e08e37c1924dd7533dfb367c1ac4af9cc65943cc1eabf88f5dcfbdc8cf5c4f4cc2281b1f4841d39fd9ba04c98d073f02d2324a3f2a55e344880a9fa'],1,0,,
7aa2d158-7475-496b-82c4-f773dfdb6d04,72,色彩協調,CONCEPT,色彩協調是指所有按鈕使用柔和的淺色調，與整體設計風格保持一致。,['01efe28d0e08e37c1924dd7533dfb367c1ac4af9cc65943cc1eabf88f5dcfbdc8cf5c4f4cc2281b1f4841d39fd9ba04c98d073f02d2324a3f2a55e344880a9fa'],1,0,,
a9b489b6-4a88-4ad9-84b5-95ab002d2669,73,表單與卡片的設計一致性,CONCEPT,表單和卡片元素共享多項設計特徵，建立了視覺上的連貫性。,['01efe28d0e08e37c1924dd7533dfb367c1ac4af9cc65943cc1eabf88f5dcfbdc8cf5c4f4cc2281b1f4841d39fd9ba04c98d073f02d2324a3f2a55e344880a9fa'],1,3,,
d7b9973a-d9d0-4db4-94fc-07ec50ef1af4,74,共享特徵,CONCEPT,共享特徵是指表單和卡片都使用白色背景、圓角 (1em)、陰影效果和內邊距 (1em)。,['01efe28d0e08e37c1924dd7533dfb367c1ac4af9cc65943cc1eabf88f5dcfbdc8cf5c4f4cc2281b1f4841d39fd9ba04c98d073f02d2324a3f2a55e344880a9fa'],1,1,,
938f750b-1290-4749-bd44-e48b5dc8c0c9,75,差異化設計,CONCEPT,差異化設計是指表單使用較深陰影和底部外邊距，突顯其重要性。,['01efe28d0e08e37c1924dd7533dfb367c1ac4af9cc65943cc1eabf88f5dcfbdc8cf5c4f4cc2281b1f4841d39fd9ba04c98d073f02d2324a3f2a55e344880a9fa'],1,1,,
e2efef55-b91f-480a-bf36-9abf3d1640d1,76,視覺統一,CONCEPT,視覺統一是指相似的視覺處理使用戶能夠立即理解這些元素都是可交互的容器。,['01efe28d0e08e37c1924dd7533dfb367c1ac4af9cc65943cc1eabf88f5dcfbdc8cf5c4f4cc2281b1f4841d39fd9ba04c98d073f02d2324a3f2a55e344880a9fa'],1,1,,
3b47db8c-5f68-4e70-96e3-9df827f444c9,77,輸入控件的一致性處理,CONCEPT,輸入控件的一致性處理是指表單輸入欄位和卡片編輯模式的輸入欄位保持設計一致性。,['01efe28d0e08e37c1924dd7533dfb367c1ac4af9cc65943cc1eabf88f5dcfbdc8cf5c4f4cc2281b1f4841d39fd9ba04c98d073f02d2324a3f2a55e344880a9fa'],1,1,,
1479133c-3fa0-4112-b3b8-6621fe845d4e,78,使用體驗,CONCEPT,一致的輸入欄位設計提供了連貫的使用體驗。,['01efe28d0e08e37c1924dd7533dfb367c1ac4af9cc65943cc1eabf88f5dcfbdc8cf5c4f4cc2281b1f4841d39fd9ba04c98d073f02d2324a3f2a55e344880a9fa'],1,1,,
010e3de4-fd7f-4157-af5d-a68bc3853b22,79,CSS與JAVASCRIPT的協作關係,CONCEPT,CSS樣式與JavaScript功能之間存在緊密的協作關係。,['01efe28d0e08e37c1924dd7533dfb367c1ac4af9cc65943cc1eabf88f5dcfbdc8cf5c4f4cc2281b1f4841d39fd9ba04c98d073f02d2324a3f2a55e344880a9fa'],1,4,,
cdb6b749-653b-435a-b927-fb5170a8f4c6,80,狀態切換依賴,CONCEPT,狀態切換依賴是指JS通過修改 `style.display` 屬性切換 `.view-mode` 和 `.edit-mode` 的顯示狀態。,['01efe28d0e08e37c1924dd7533dfb367c1ac4af9cc65943cc1eabf88f5dcfbdc8cf5c4f4cc2281b1f4841d39fd9ba04c98d073f02d2324a3f2a55e344880a9fa'],1,1,,
3261f166-baa3-4c60-a7b1-80a9363aa7fa,81,按鈕顯示控制,CONCEPT,按鈕顯示控制是指透過JavaScript（JS）來控制編輯、儲存和取消按鈕的顯示或隱藏，這一過程依賴於CSS中定義的基礎樣式。當進行模式切換時，按鈕顯示控制會同時調整編輯、儲存和取消按鈕的顯示狀態，以確保用戶界面的流暢性和一致性。這種控制方式不僅提升了用戶體驗，還能有效地管理用戶的操作選項，確保在不同的編輯狀態下，相關按鈕的可見性與功能性得以正確反映。,"['01efe28d0e08e37c1924dd7533dfb367c1ac4af9cc65943cc1eabf88f5dcfbdc8cf5c4f4cc2281b1f4841d39fd9ba04c98d073f02d2324a3f2a55e344880a9fa'
 '163da55de5b7990e1b4c750d0714072dda9561088dd6766b5828a29b6248c428976c734c0732d1edafca48f6f343e313070209dd0e788e7e10148802707ef4b6']",2,2,,
d17782bc-41a9-4fef-8bfd-4e92d1aa5812,82,動態內容適應,CONCEPT,動態內容適應是指CSS的防禦性設計確保JS動態生成的內容能夠正確顯示。,['01efe28d0e08e37c1924dd7533dfb367c1ac4af9cc65943cc1eabf88f5dcfbdc8cf5c4f4cc2281b1f4841d39fd9ba04c98d073f02d2324a3f2a55e344880a9fa'],1,1,,
c12e4fb0-b0a6-4759-8fae-5c1793aabe00,83,事件處理與視覺反饋,CONCEPT,事件處理與視覺反饋是指按鈕的色彩系統為JS的事件處理提供了視覺上的反饋機制。,['01efe28d0e08e37c1924dd7533dfb367c1ac4af9cc65943cc1eabf88f5dcfbdc8cf5c4f4cc2281b1f4841d39fd9ba04c98d073f02d2324a3f2a55e344880a9fa'],1,1,,
43d54930-ce7c-427b-9042-9e5d57d15d78,84,STYLE.DISPLAY,CSS_PROPERTY,"`STYLE.DISPLAY` 是一個用於控制 HTML 元素顯示狀態的屬性。它可以用來切換元素的顯示模式，例如在檢視模式和編輯模式之間進行切換。具體來說，`style.display` 是一個 CSS 屬性，主要功能是決定元素是否顯示在頁面上，或是將其隱藏。

透過調整 `style.display` 的值，開發者可以有效地管理網頁元素的可見性。常見的值包括 `none`（隱藏元素）、`block`（以區塊形式顯示元素）、`inline`（以行內形式顯示元素）等。這使得 `style.display` 成為前端開發中一個重要的工具，能夠根據用戶的互動或其他條件動態改變元素的顯示狀態。

總之，`STYLE.DISPLAY` 屬性在網頁設計和開發中扮演著關鍵角色，幫助開發者控制和調整元素的顯示方式，以提升用戶體驗。","['a6767e76d4e5bc6ba7c835c723b3b5e7a5045170bfa2d1237f52eb0136f182088317c7b928288da1af9518dc10f8d005418399360ef1012911e9d07e28631e38'
 '1368fc03d610d71f0a4ebe01b5cf8241f4e22c35a09baa58132436224f4cc44ccfc8538d6058eb4cdd3500e2063f8e87b0c54db161cfad7569fe611ec3c72fe9']",2,1,3.57741117477417,10.633461952209473
7b751c57-cee7-450d-b21f-bdfcdad8bdfd,85,BUTTONS,UI_COMPONENT,Buttons 是用於觸發操作的用戶界面組件，例如編輯、儲存和取消按鈕。,['a6767e76d4e5bc6ba7c835c723b3b5e7a5045170bfa2d1237f52eb0136f182088317c7b928288da1af9518dc10f8d005418399360ef1012911e9d07e28631e38'],1,1,14.244852066040039,9.210702896118164
6aaac4b3-0e48-4d50-96a9-dfabc36e1cc2,86,TODO-CONTENT,VARIABLE,todo-content 是一個變數，表示待辦事項的內容區域，顯示用戶輸入的任務信息。,['a6767e76d4e5bc6ba7c835c723b3b5e7a5045170bfa2d1237f52eb0136f182088317c7b928288da1af9518dc10f8d005418399360ef1012911e9d07e28631e38'],1,1,6.428771495819092,13.950993537902832
4509a175-b54d-454d-bdbf-657205d3518b,87,CODE_MAPPING,IMPLEMENTATION_DETAIL,Code Mapping 是一個實作細節，描述了 CSS 樣式的具體實現，包括佈局、樣式和功能。,['a6767e76d4e5bc6ba7c835c723b3b5e7a5045170bfa2d1237f52eb0136f182088317c7b928288da1af9518dc10f8d005418399360ef1012911e9d07e28631e38'],1,1,8.69519329071045,15.025501251220703
f11321ea-3074-4c85-996e-9716109b110d,88,TODO CONTENT,CSS_SELECTOR,todo-content 是一個 CSS 選擇器，用於設計待辦事項內容區域的樣式，確保內容區域能夠靈活佔據空間並自動換行以防止溢出。,['f2707ebde367944271b5fe410e033346fa7aa07bf22370c525eab33d42918733bfabd2e502eb74d2d41768dce676b5ed489cdc17707c881ff5c32114a838f796'],1,1,16.14470863342285,9.297578811645508
e98b0932-fbd4-46f6-90db-b4397f44660b,89,CARD BUTTONS,CSS_SELECTOR,card-buttons 是一個 CSS 選擇器，用於設計待辦事項卡片的按鈕區域，確保按鈕與內容保持適當的間距。,['f2707ebde367944271b5fe410e033346fa7aa07bf22370c525eab33d42918733bfabd2e502eb74d2d41768dce676b5ed489cdc17707c881ff5c32114a838f796'],1,2,15.099385261535645,8.385298728942871
e2d1911f-593e-4ef0-8a8b-1487e89f4959,90,TODO FORM,CSS_SELECTOR,todo-form 是一個 CSS 類別，用於設計待辦事項表單的樣式，包括背景顏色、邊框圓角、內邊距和陰影效果。,['f2707ebde367944271b5fe410e033346fa7aa07bf22370c525eab33d42918733bfabd2e502eb74d2d41768dce676b5ed489cdc17707c881ff5c32114a838f796'],1,7,17.045251846313477,7.058542728424072
74ae8fd8-053e-423c-9281-569474586c6e,91,SAVE COLOR,CSS_PROPERTY,save 是一個 CSS 屬性，用於設計確認操作按鈕的背景顏色，顯示為淡綠色。,['f2707ebde367944271b5fe410e033346fa7aa07bf22370c525eab33d42918733bfabd2e502eb74d2d41768dce676b5ed489cdc17707c881ff5c32114a838f796'],1,0,,
eeaef2e8-c1e3-4c63-9261-da38d9a1874d,92,CANCEL COLOR,CSS_PROPERTY,cancel 是一個 CSS 屬性，用於設計中性操作按鈕的背景顏色，顯示為淡灰色。,['f2707ebde367944271b5fe410e033346fa7aa07bf22370c525eab33d42918733bfabd2e502eb74d2d41768dce676b5ed489cdc17707c881ff5c32114a838f796'],1,0,,
b01c5922-4a8e-4115-9002-425f275d83f6,93,DELETE COLOR,CSS_PROPERTY,delete 是一個 CSS 屬性，用於設計危險操作按鈕的背景顏色，顯示為淡紅色。,['f2707ebde367944271b5fe410e033346fa7aa07bf22370c525eab33d42918733bfabd2e502eb74d2d41768dce676b5ed489cdc17707c881ff5c32114a838f796'],1,0,,
30d25147-41be-47f3-9046-5a66182f42bc,94,FORM BUTTONS,CSS_SELECTOR,form-buttons 是一個 CSS 類別，用於設計表單按鈕的樣式，確保按鈕共享相同的字體大小和指標游標。,['f2707ebde367944271b5fe410e033346fa7aa07bf22370c525eab33d42918733bfabd2e502eb74d2d41768dce676b5ed489cdc17707c881ff5c32114a838f796'],1,1,,
fdd08b37-04ad-447e-a9e6-020a89705049,95,CARD BUTTONS BUTTON,CSS_SELECTOR,card-buttons button 是一個 CSS 選擇器，用於設計卡片按鈕的樣式，確保按鈕共享相同的字體大小和內邊距。,['f2707ebde367944271b5fe410e033346fa7aa07bf22370c525eab33d42918733bfabd2e502eb74d2d41768dce676b5ed489cdc17707c881ff5c32114a838f796'],1,1,,
e17af1ac-81a9-4bca-a618-b4d1b25b9b83,96,JAVASCRIPT 模組,MODULE,JavaScript 模組是應用程式的大腦，透過 DOM API 操作 HTML 結構，並依賴 CSS 類別來控制視覺狀態。,['1368fc03d610d71f0a4ebe01b5cf8241f4e22c35a09baa58132436224f4cc44ccfc8538d6058eb4cdd3500e2063f8e87b0c54db161cfad7569fe611ec3c72fe9'],1,2,1.7472485303878784,23.008182525634766
ec0131e4-88e2-4e6d-b2a8-c4540f230227,97,CSS 類別,CSS_SELECTOR,CSS 類別用於選擇和樣式化 HTML 元素，控制其外觀和佈局。,['1368fc03d610d71f0a4ebe01b5cf8241f4e22c35a09baa58132436224f4cc44ccfc8538d6058eb4cdd3500e2063f8e87b0c54db161cfad7569fe611ec3c72fe9'],1,1,2.1958231925964355,23.3111515045166
6d1f2c64-9d2d-404c-b559-d8efb93166c4,98,DATA-INDEX,CSS_PROPERTY,`data-index` 是一個自定義屬性，用於識別操作的資料索引。,['1368fc03d610d71f0a4ebe01b5cf8241f4e22c35a09baa58132436224f4cc44ccfc8538d6058eb4cdd3500e2063f8e87b0c54db161cfad7569fe611ec3c72fe9'],1,1,10.38332748413086,14.58491325378418
05590bae-59a4-4c64-ae5b-75d7e33a9a5f,99,E.PREVENTDEFAULT(),JAVASCRIPT_FUNCTION,`e.preventDefault()` 用於阻止瀏覽器的預設行為，特別是在表單提交時防止頁面刷新。,['1368fc03d610d71f0a4ebe01b5cf8241f4e22c35a09baa58132436224f4cc44ccfc8538d6058eb4cdd3500e2063f8e87b0c54db161cfad7569fe611ec3c72fe9'],1,1,3.0010268688201904,11.044361114501953
1cb828de-94a1-4617-bddf-2e1dd3be89e9,100,輸入驗證,CONCEPT,輸入驗證是檢查使用者輸入的標題和內容是否完整的過程，若未填寫則使用 `alert()` 提示使用者輸入完整資料。,['163da55de5b7990e1b4c750d0714072dda9561088dd6766b5828a29b6248c428976c734c0732d1edafca48f6f343e313070209dd0e788e7e10148802707ef4b6'],1,0,,
e2f3eb38-09e8-4874-b2c3-5fa9698ae963,101,表單重設,CONCEPT,表單重設是使用 `todoForm.reset()` 方法來清空輸入欄位，以提供更好的使用者體驗。,['163da55de5b7990e1b4c750d0714072dda9561088dd6766b5828a29b6248c428976c734c0732d1edafca48f6f343e313070209dd0e788e7e10148802707ef4b6'],1,0,,
12240ed4-0fbb-404e-b9ba-1b9e674b6f34,102,狀態管理與模式切換,CONCEPT,狀態管理與模式切換是指在編輯按鈕被點擊時，通過修改 DOM 元素的 `style.display` 屬性來切換檢視模式和編輯模式。,['163da55de5b7990e1b4c750d0714072dda9561088dd6766b5828a29b6248c428976c734c0732d1edafca48f6f343e313070209dd0e788e7e10148802707ef4b6'],1,0,,
70098b7e-51bc-4406-ad4f-7c923a61a4d3,103,模式切換,CONCEPT,模式切換是指在使用者點擊編輯按鈕時，切換顯示的模式，從檢視模式切換到編輯模式。,['163da55de5b7990e1b4c750d0714072dda9561088dd6766b5828a29b6248c428976c734c0732d1edafca48f6f343e313070209dd0e788e7e10148802707ef4b6'],1,2,,
4f7031ab-5efb-43e6-94f7-894524f01f58,104,資料更新,CONCEPT,資料更新是指在儲存按鈕被點擊時，從輸入欄位取得新的標題和內容，並更新到 `todoList` 陣列中，然後重新渲染整個列表。,['163da55de5b7990e1b4c750d0714072dda9561088dd6766b5828a29b6248c428976c734c0732d1edafca48f6f343e313070209dd0e788e7e10148802707ef4b6'],1,1,5.3006463050842285,10.961942672729492
264f84ff-eca2-4bd8-ad4e-7b3fba845508,105,初始化與資料預載,CONCEPT,初始化與資料預載是指在程式開始時預設三筆待辦事項，以便使用者參考。,['163da55de5b7990e1b4c750d0714072dda9561088dd6766b5828a29b6248c428976c734c0732d1edafca48f6f343e313070209dd0e788e7e10148802707ef4b6'],1,0,,
9369de9e-1df5-4008-b353-ebd4ad49fab8,106,初始資料,CONCEPT,初始資料是指在程式啟動時預設的待辦事項，提供使用者參考。,['163da55de5b7990e1b4c750d0714072dda9561088dd6766b5828a29b6248c428976c734c0732d1edafca48f6f343e313070209dd0e788e7e10148802707ef4b6'],1,0,,
e8226ae6-9a57-41ae-a63f-2ab80415658a,107,初始渲染,CONCEPT,初始渲染是指在 JavaScript 程式的最後一行呼叫 `renderTodos()` 進行初始渲染，確保頁面載入時能看到預設的待辦事項。,['163da55de5b7990e1b4c750d0714072dda9561088dd6766b5828a29b6248c428976c734c0732d1edafca48f6f343e313070209dd0e788e7e10148802707ef4b6'],1,1,5.647068977355957,10.855976104736328
7f4511c4-f345-4469-8bc3-7838d4cc7019,108,RENDERTODOS,JAVASCRIPT_FUNCTION,renderTodos 是一個函數，用於動態生成待辦事項卡片並渲染到頁面上。,['163da55de5b7990e1b4c750d0714072dda9561088dd6766b5828a29b6248c428976c734c0732d1edafca48f6f343e313070209dd0e788e7e10148802707ef4b6'],1,2,3.533891201019287,11.512727737426758
b461e6c0-55d8-49a4-894d-d0c2d59665de,109,TODOLISTELEMENT,VARIABLE,todoListElement 是一個 DOM 元素，用於顯示待辦事項的容器。,['163da55de5b7990e1b4c750d0714072dda9561088dd6766b5828a29b6248c428976c734c0732d1edafca48f6f343e313070209dd0e788e7e10148802707ef4b6'],1,0,,
f64beed7-e36b-4467-9506-97b7f11858a0,110,事件代理,CONCEPT,事件代理是指在父層元素上監聽事件，並根據事件目標執行相應的操作。,['163da55de5b7990e1b4c750d0714072dda9561088dd6766b5828a29b6248c428976c734c0732d1edafca48f6f343e313070209dd0e788e7e10148802707ef4b6'],1,0,,
969591e3-1977-415a-8479-ff7616179bef,111,狀態管理,CONCEPT,狀態管理是指根據使用者點擊的按鈕執行不同功能的過程。,['163da55de5b7990e1b4c750d0714072dda9561088dd6766b5828a29b6248c428976c734c0732d1edafca48f6f343e313070209dd0e788e7e10148802707ef4b6'],1,1,,
d628bde5-4303-49ce-80e0-689ec1c02686,112,SPA 行為控制,CONCEPT,SPA 行為控制是指攔截表單提交以防止頁面刷新。,['163da55de5b7990e1b4c750d0714072dda9561088dd6766b5828a29b6248c428976c734c0732d1edafca48f6f343e313070209dd0e788e7e10148802707ef4b6'],1,0,,
8faae956-80b2-4fd6-a73a-545d3375b57a,113,VIEW,VARIABLE,"view 是一個變數，通過 card.querySelector("".view-mode"") 獲取對應的 DOM 元素。",['2db1deb8c006563858d52216b0234f6fc1a5f276e7a4050cd1c206a765975c9a9ed62d82b2bb5b34d535e9d6b8b1f95aa54e584ff8aa328ee1305e32fa7ec1db'],1,1,15.481306076049805,7.277568817138672
5eb7b3dd-02a1-4f2f-8e5d-a77b255c1804,114,RENDER TODOS,JAVASCRIPT_FUNCTION,"""RENDER TODOS"" 是一個函數，專門用於將待辦事項列表渲染到頁面上。這個函數的主要功能是清空現有的待辦事項列表，然後逐一建立待辦事項卡片，以便用戶能夠清楚地看到所有待辦事項的內容。此外，""RENDER TODOS"" 還負責根據當前的待辦事項數據重新渲染列表，從而更新用戶界面（UI）。這樣的設計確保了待辦事項列表始終反映最新的數據，提升了用戶的使用體驗。","['2db1deb8c006563858d52216b0234f6fc1a5f276e7a4050cd1c206a765975c9a9ed62d82b2bb5b34d535e9d6b8b1f95aa54e584ff8aa328ee1305e32fa7ec1db'
 '3f1201cf8acd113a3f95f9bf1fcbcf52b2419e1fd24478ada6f84259ebab3a3cb73eb8cc9c82f34912dc92f1583450302cb793c06cdaaec6264eaa8aa2b51f90'
 '71c87aca16b762ffc4deee532606a3e3b7790db340892ec2eed4b5c78c34a6b2b65e6b5600664d3d7c6bbc518fa48bfeb6ab6b653826d10f97c7ff1ef1c903ed']",3,2,12.072162628173828,6.249210834503174
df347a8b-fe2f-45f9-b335-9a53e53a8b16,115,DELETE,CSS_SELECTOR,""".delete"" 是一個 CSS 選擇器，用於選擇刪除按鈕。",['2db1deb8c006563858d52216b0234f6fc1a5f276e7a4050cd1c206a765975c9a9ed62d82b2bb5b34d535e9d6b8b1f95aa54e584ff8aa328ee1305e32fa7ec1db'],1,1,14.698569297790527,9.797637939453125
5d1d977d-f4cc-4405-a4b8-003520519800,116,EDIT TITLE,CSS_SELECTOR,""".edit-title"" 是一個 CSS 選擇器，用於選擇編輯標題的輸入框。",['2db1deb8c006563858d52216b0234f6fc1a5f276e7a4050cd1c206a765975c9a9ed62d82b2bb5b34d535e9d6b8b1f95aa54e584ff8aa328ee1305e32fa7ec1db'],1,1,14.17021656036377,9.961150169372559
744bbf4a-d057-4ca0-951f-74a551ce2962,117,EDIT CONTENT,CSS_SELECTOR,""".edit-content"" 是一個 CSS 選擇器，用於選擇編輯內容的輸入框。",['2db1deb8c006563858d52216b0234f6fc1a5f276e7a4050cd1c206a765975c9a9ed62d82b2bb5b34d535e9d6b8b1f95aa54e584ff8aa328ee1305e32fa7ec1db'],1,1,15.400619506835938,8.974294662475586
b0d93564-afcf-42ef-ba30-fd1921ab5638,118,BOX-SHADOW,CSS_PROPERTY,BOX-SHADOW 是一種 CSS 屬性，用於為網頁元素添加陰影效果。這個屬性通常用於增強視覺效果，使元素在頁面上更具立體感和層次感。透過 box-shadow，開發者可以自定義陰影的顏色、模糊程度、偏移量及擴展範圍，從而創造出多樣化的視覺效果，提升用戶的視覺體驗。這種屬性在現代網頁設計中被廣泛應用，特別是在需要突出顯示某些元素或創造深度感的情況下。,"['6080da6318db19acb1b01c7aa07287d2021f2deaee82707c9a061f6ebb463bc18786725b2733fee119626f91580bc12bfc1308beb8fcb3b87f9c9f260a2ea5d6'
 '43f03a51c7f9a85ee9802c15a12a9fcdf1c1b9df6602468789ae95e2702de7007d2005e427a79dc096ec026a400c0929edb0e22819e51c562c81a476cb158f0a']",2,1,13.852279663085938,7.725740432739258
ae92a909-1585-405e-bcc4-719499c2fc79,119,BACKGROUND,CSS_PROPERTY,Background 是一種 CSS 屬性，用於設置元素的背景顏色或圖像。,['6080da6318db19acb1b01c7aa07287d2021f2deaee82707c9a061f6ebb463bc18786725b2733fee119626f91580bc12bfc1308beb8fcb3b87f9c9f260a2ea5d6'],1,1,9.954503059387207,14.961254119873047
be474872-5e8b-4475-a11e-17f4813c685b,120,ALIGN-ITEMS,CSS_PROPERTY,align-items 是一個 CSS 屬性，用於設置 flex 容器中項目的對齊方式。,['43f03a51c7f9a85ee9802c15a12a9fcdf1c1b9df6602468789ae95e2702de7007d2005e427a79dc096ec026a400c0929edb0e22819e51c562c81a476cb158f0a'],1,0,,
de7e383c-cc71-46f4-b6f5-9cd81dc6f892,121,GAP,CSS_PROPERTY,gap 是一個 CSS 屬性，用於設置 flex 或 grid 容器中項目之間的間距。,['43f03a51c7f9a85ee9802c15a12a9fcdf1c1b9df6602468789ae95e2702de7007d2005e427a79dc096ec026a400c0929edb0e22819e51c562c81a476cb158f0a'],1,0,,
1121fde4-f43c-4af2-b1bb-aba5c9f4e023,122,FORM,HTML_TAG,form 是一個 HTML 標籤，用於創建用戶輸入的表單，包含各種輸入元素和按鈕。,['43f03a51c7f9a85ee9802c15a12a9fcdf1c1b9df6602468789ae95e2702de7007d2005e427a79dc096ec026a400c0929edb0e22819e51c562c81a476cb158f0a'],1,1,8.376998901367188,14.478102684020996
07c1843d-0a83-4dab-b688-739d15e0b0fd,123,INPUT,HTML_TAG,input 是一個 HTML 標籤，用於創建用戶輸入的字段，支持多種類型，如文本、密碼等。,['43f03a51c7f9a85ee9802c15a12a9fcdf1c1b9df6602468789ae95e2702de7007d2005e427a79dc096ec026a400c0929edb0e22819e51c562c81a476cb158f0a'],1,0,,
698cc26f-e978-410a-bfd3-5ab4999965a3,124,TODO-TITLE,CSS_SELECTOR,todo-title 是一個 CSS 選擇器，用於設置待辦事項標題的樣式，包括字體大小和粗細。,['43f03a51c7f9a85ee9802c15a12a9fcdf1c1b9df6602468789ae95e2702de7007d2005e427a79dc096ec026a400c0929edb0e22819e51c562c81a476cb158f0a'],1,1,7.095169544219971,14.474736213684082
50048626-fc94-490e-8c1f-e7999c70cdd2,125,BUTTON,HTML_TAG,button 是一個 HTML 標籤，用於創建可點擊的按鈕，通常用於提交表單或觸發事件。,['43f03a51c7f9a85ee9802c15a12a9fcdf1c1b9df6602468789ae95e2702de7007d2005e427a79dc096ec026a400c0929edb0e22819e51c562c81a476cb158f0a'],1,1,9.37850570678711,14.652599334716797
54c26692-df1e-44e1-a968-c80c6da613bf,126,TODO LIST ELEMENT,VARIABLE,待辦事項列表元素是一個 DOM 元素，用於顯示待辦事項的列表。,['3f1201cf8acd113a3f95f9bf1fcbcf52b2419e1fd24478ada6f84259ebab3a3cb73eb8cc9c82f34912dc92f1583450302cb793c06cdaaec6264eaa8aa2b51f90'],1,0,,
d4d5f585-5c6d-40fe-8165-cf45e08256a6,127,TODO FORM ELEMENT,VARIABLE,待辦事項表單元素是一個 DOM 元素，包含用於輸入待辦事項的表單。,['3f1201cf8acd113a3f95f9bf1fcbcf52b2419e1fd24478ada6f84259ebab3a3cb73eb8cc9c82f34912dc92f1583450302cb793c06cdaaec6264eaa8aa2b51f90'],1,2,,
c6064fcf-7e99-40f9-942c-691ab5e26c49,128,TITLE,VARIABLE,標題是待辦事項表單中的一個輸入欄位，用於輸入待辦事項的標題。,['3f1201cf8acd113a3f95f9bf1fcbcf52b2419e1fd24478ada6f84259ebab3a3cb73eb8cc9c82f34912dc92f1583450302cb793c06cdaaec6264eaa8aa2b51f90'],1,1,,
88ebe2a1-94b4-4a04-a70a-8bb6f708c0e5,129,CONTENT,VARIABLE,內容是待辦事項表單中的一個輸入欄位，用於輸入待辦事項的詳細內容。,['3f1201cf8acd113a3f95f9bf1fcbcf52b2419e1fd24478ada6f84259ebab3a3cb73eb8cc9c82f34912dc92f1583450302cb793c06cdaaec6264eaa8aa2b51f90'],1,1,,
20eff45d-9874-4f76-ae68-9682bb4a274c,130,EDIT BUTTON,UI_COMPONENT,編輯按鈕是一個用於切換到編輯模式的用戶界面（UI）組件。當用戶點擊此按鈕時，系統會顯示編輯輸入框，使用戶能夠對內容進行修改。這個按鈕通常出現在待辦事項卡片中，作為用戶進入編輯模式的主要方式。透過編輯按鈕，用戶可以方便地更新和管理他們的待辦事項，提升使用體驗和操作效率。,"['3f1201cf8acd113a3f95f9bf1fcbcf52b2419e1fd24478ada6f84259ebab3a3cb73eb8cc9c82f34912dc92f1583450302cb793c06cdaaec6264eaa8aa2b51f90'
 '71c87aca16b762ffc4deee532606a3e3b7790db340892ec2eed4b5c78c34a6b2b65e6b5600664d3d7c6bbc518fa48bfeb6ab6b653826d10f97c7ff1ef1c903ed']",2,3,12.349123001098633,5.84119987487793
2ebd8351-1271-451e-90b7-ff9783043ecc,131,DELETE BUTTON,UI_COMPONENT,刪除按鈕是一個用於刪除對應待辦事項的用戶界面（UI）組件。當用戶點擊此按鈕時，將觸發刪除操作，從而移除該待辦事項。這個按鈕通常位於待辦事項卡片中，專門設計用來方便用戶管理其待辦事項列表。刪除按鈕的存在使得用戶能夠輕鬆地刪除不再需要的任務，提升了用戶體驗和操作的便利性。,"['3f1201cf8acd113a3f95f9bf1fcbcf52b2419e1fd24478ada6f84259ebab3a3cb73eb8cc9c82f34912dc92f1583450302cb793c06cdaaec6264eaa8aa2b51f90'
 '71c87aca16b762ffc4deee532606a3e3b7790db340892ec2eed4b5c78c34a6b2b65e6b5600664d3d7c6bbc518fa48bfeb6ab6b653826d10f97c7ff1ef1c903ed']",2,1,13.57851791381836,8.75951099395752
16fc06a9-7c66-49f4-a09c-762fb46ce71b,132,VIEW MODE,CONCEPT,"檢視模式是一種用戶界面狀態，主要用於顯示待辦事項的標題和內容。此模式的設計旨在讓用戶能夠清楚地查看待辦事項的當前狀態。根據不同的描述，檢視模式可能會提供編輯和刪除按鈕，允許用戶對待辦事項進行修改或刪除。然而，另一個描述指出，在檢視模式下通常不允許用戶進行編輯，這意味著用戶只能查看待辦事項，而無法進行任何更改。

綜合這些信息，檢視模式的主要功能是提供一個清晰的界面，讓用戶能夠查看待辦事項的詳細信息。雖然某些情況下可能會提供編輯和刪除的選項，但在大多數情況下，檢視模式的設計是為了限制用戶的編輯能力，專注於信息的展示而非修改。因此，檢視模式的核心特點是其顯示待辦事項的能力，並在某些情況下提供有限的互動選項。","['71c87aca16b762ffc4deee532606a3e3b7790db340892ec2eed4b5c78c34a6b2b65e6b5600664d3d7c6bbc518fa48bfeb6ab6b653826d10f97c7ff1ef1c903ed'
 'e1e6208d3632cc5fd3ef97e02ac9745cbbb1c71f2dfb02f96212ede72d356ba427fd7635d190d36b72723bc6004ff99d967abe2c19d1d7bd4ab9ea07c18c80f9']",2,2,12.63581371307373,7.244443893432617
14774bb9-f4d1-4c43-bb7a-0a5aba9b8aac,133,INDEX,VARIABLE,索引是一個變數，用於標識待辦事項在列表中的位置，通常與按鈕的數據屬性相關聯。,['71c87aca16b762ffc4deee532606a3e3b7790db340892ec2eed4b5c78c34a6b2b65e6b5600664d3d7c6bbc518fa48bfeb6ab6b653826d10f97c7ff1ef1c903ed'],1,1,,
6b2597f7-8320-487f-a1ec-966bc71e5aaa,134,EVENT OBJECT,VARIABLE,事件物件是一個包含有關事件的詳細信息的變數，通常在事件處理函數中使用。,['71c87aca16b762ffc4deee532606a3e3b7790db340892ec2eed4b5c78c34a6b2b65e6b5600664d3d7c6bbc518fa48bfeb6ab6b653826d10f97c7ff1ef1c903ed'],1,2,,
04da7b2f-958b-4973-b943-68767be6c8af,135,TARGET,VARIABLE,目標是一個變數，指向觸發事件的DOM元素，通常用於獲取用戶點擊的按鈕。,['71c87aca16b762ffc4deee532606a3e3b7790db340892ec2eed4b5c78c34a6b2b65e6b5600664d3d7c6bbc518fa48bfeb6ab6b653826d10f97c7ff1ef1c903ed'],1,1,,
a44e79e1-f03d-40e1-8475-cfd83fabaaea,136,TODO LIST ARRAY,VARIABLE,待辦事項陣列是一個變數，用於存儲所有待辦事項的數據，並在用戶進行操作時進行更新。,['e1e6208d3632cc5fd3ef97e02ac9745cbbb1c71f2dfb02f96212ede72d356ba427fd7635d190d36b72723bc6004ff99d967abe2c19d1d7bd4ab9ea07c18c80f9'],1,0,,
4fc23db1-7a3f-414c-ad70-2d58586b34ee,137,EVENT,DOM EVENT,事件是一個DOM事件，當用戶與界面互動（如點擊按鈕）時觸發，並執行相應的功能。,['e1e6208d3632cc5fd3ef97e02ac9745cbbb1c71f2dfb02f96212ede72d356ba427fd7635d190d36b72723bc6004ff99d967abe2c19d1d7bd4ab9ea07c18c80f9'],1,3,12.843803405761719,7.933638095855713
